"Negative","Positive","Pleasure","Pain"
"abandon","abide","admiration","ache"
"abandonment","ability","admire","afraid"
"abate","able","adore","agonize"
"abdicate","abound","adulation","agony"
"abhor","absolve","amour","ail"
"abject","absorbent","amuse","ailment"
"abnormal","absorption","amusement","ambivalent"
"abolish","abundance","apocalypse","anguish"
"abominable","abundant","appeal","anxiety"
"abrasive","accede","appreciation","anxious"
"abrupt","accentuate","appreciative","anxious"
"abscond","accept","assure","anxiousness"
"absence","acceptable","attachment","apologetic"
"absent","acceptance","attraction","apprehension"
"absent-minded","accessible","balmy","apprehensive"
"absentee","accession","bliss","ashamed"
"absurd","acclaim","blissful","beset"
"absurdity","acclamation","blithe","bitter"
"abuse","accolade","calm","bitterness"
"abuse","accommodate","calm","bloodshed"
"abyss","accommodation","calm","blue"
"accident","accompaniment","calmness","broken-hearted"
"accost","accomplish","carefree","brood"
"accursed","accomplishment","celebrate","bruise"
"accusation","accord","cheerful","burdensome"
"accuse","accord","cheery","chafe"
"accuse","accord","comestible","clamor"
"ache","accordance","comfort","clamorous"
"acrimonious","accountable","comfortable","clatter"
"acrimony","accrue","comic","commiseration"
"addict","accuracy","comical","commit"
"addiction","accurate","confidence","concern"
"admonish","accurateness","confident","conflict"
"admonition","achieve","content","conflict"
"adulterate","achievement","content","cramp"
"adulteration","acknowledgement","content","cringe"
"adultery","acquaint","contentment","cripple"
"adversary","acquaintance","cozy","dejected"
"adverse","acquit","cuddle","depress"
"adversity","acquittal","cupid","depress"
"affectation","actual","decorate","depression"
"afflict","actual","decoration","despair"
"affliction","actuality","decorative","despair"
"afraid","adamant","delight","desperate"
"against","adaptability","delight","desperation"
"aggravate","adaptable","delightful","despise"
"aggravation","adaptation","determine","destitute"
"aggression","adaptive","determine","disagreeable"
"aggressive","adept","devote","disappoint"
"aggressiveness","adeptness","dote","disappointment"
"aggressor","adequate","dreamland","discomfort"
"aggrieve","adherence","eager","disconcerted"
"aghast","adherent","earnest","discontent"
"agitate","adhesion","ease","discourage"
"agitation","adhesive","ecstasy","discourage"
"agitator","adjunct","ecstatic","disgust"
"agonize","adjust","elate","disgust"
"agony","adjustable","enchantment","disgust"
"ail","adjustment","endear","disgust"
"ailment","admirable","enjoy","disgust"
"aimless","admiration","enthusiasm","dishearten"
"alarm","admire","enthusiastic","dishonor"
"alarming","admirer","excite","disillusion"
"alas","admit","excite","dismay"
"alibi","admit","excited","displeasure"
"alien","admit","excited","dissatisfaction"
"alienate","admittance","excitedness","dissatisfied"
"alienation","adorable","excitement","dissolution"
"allegation","adore","exhilaration","distress"
"allege","adorn","fantasy","distress"
"aloof","adornment","fascinate","distrustful"
"altercation","adroit","flirt","disturb"
"ambiguity","adroitly","fondness","dizzy"
"ambiguous","adulation","fun","doldrums"
"ambivalent","adult","gaiety","downcast"
"ambush","advance","gaily","downfall"
"ambush","advance","game","downhearted"
"amiss","advance","gay","dread"
"amputate","advancement","glad","edge"
"anarchist","advantage","glad","estranged"
"anarchy","advantageous","gladden","exasperation"
"anger","advent","gladness","exhaustion"
"anger","adventuresome","glee","famine"
"angry","adventurous","grateful","fatigue"
"anguish","advisable","gratification","fear"
"animosity","advocacy","gratify","fear"
"annihilate","affability","happiness","fear"
"annihilation","affable","happy","fearful"
"annoy","affection","happy","fearsome"
"annoyance","affectionate","happy","fed"
"anomalous","affiliate","happy","forlorn"
"anomaly","affiliation","harmonious","frantic"
"antagonism","affinity","hilarious","frighten"
"antagonist","affirm","hot","frighten"
"antagonistic","affirmation","hot","frighten"
"antagonize","affirmative","humor","frightful"
"anti-social","affix","humorous","frustrate"
"antipathy","affluence","indulgence","frustrate"
"antiquated","affluent","intimacy","frustration"
"antitrust","afloat","jest","fury"
"anxiety","aggregate","jolly","gash"
"anxious","aggregation","joy","gloom"
"anxious","agile","joyful","gloomy"
"anxiousness","agility","jubilant","glum"
"apathetic","agreeable","jubilee","grief"
"apathy","agreement","love","grievance"
"appall","aid","love","grieve"
"appall","aid","love","grizzly"
"apprehension","alertness","lust","grudge"
"apprehensive","alight","merrily","guilt"
"arbitrary","alive","merriment","hard"
"arduous","allegiance","merry","hopeless"
"argue","alleviate","mirth","horror"
"argument","alliance","optimistic","hostile"
"arrest","allied","overjoyed","hostility"
"arrest","allies","pleasant","humiliation"
"arrogance","allow","please","hung"
"arrogant","allowable","pleased","hurt"
"artificial","allowance","pleased","hurtful"
"ashamed","allure","pleasurable","hysteria"
"assail","ally","pleasure","hysterical"
"assailant","almighty","poetic","ill"
"assassin","altruistic","pride","indignation"
"assassinate","amazement","proud","injure"
"assault","amazing","purr","intolerable"
"assault","ameliorate","recline","irk"
"astray","amenable","recreation","irritable"
"asunder","amenity","refuge","irritation"
"atrocious","amiability","rejoice","jittery"
"atrophy","amiable","relaxation","lament"
"attack","amicable","relief","lamentable"
"attack","amnesty","relieve","lone"
"attack","amour","relish","loneliness"
"audacious","ample","repose","lonely"
"audacity","amplify","resolve","lonesome"
"austere","amply","respite","malice"
"autocrat","amuse","rest","malicious"
"autocratic","amusement","restful","melancholy"
"avarice","angel","revel","miserable"
"avaricious","angelic","romance","misery"
"avenge","anoint","romantic","moan"
"aversion","apocalypse","romanticize","mortify"
"avert","appeal","rosy","mourn"
"avoid","appease","sanguine","mourn"
"avoidance","append","satisfaction","mourner"
"awful","applaud","satisfy","myself>"
"awkward","applause","savor","nervous"
"awkwardness","appoint","secure","nervousness"
"ax","appoint","smitten","neurotic"
"babble","appreciable","spirit","numb"
"backward","appreciate","sublime","oppressive"
"backwardness","appreciation","sweetness","outrage"
"bad","appreciative","tenderness","pain"
"badly","apprehend","therapeutic","panic"
"baffle","approach","thrill","paranoid"
"bafflement","approach","tingle","perturb"
"bail","appropriate","tingle","phobia"
"bait","approval","tranquility","plight"
"balk","approve","triumphant","pout"
"banal","approve","upbeat","press"
"bandit","apt","uplift","regret"
"bane","aptitude","value","regret"
"banish","arbiter","warmhearted","regrettable"
"banish","arbitrate","whimsical","remorse"
"banishment","arbitration","willing","resentful"
"bankrupt","ardent","willingness","resentment"
"bankruptcy","arisen","worth-while","restlessness"
"bar","aristocracy","zeal","rue"
"barbarian","aristocrat",NA,"sad"
"barbarous","aristocratic",NA,"sadness"
"barren","arrest",NA,"scald"
"barrier","art",NA,"scare"
"bashful","art",NA,"scared"
"bastard","ascribe",NA,"scary"
"battle","aspiration",NA,"scrape"
"battle","aspire",NA,"shame"
"battlefield","assent",NA,"shameful"
"beastly","assertion",NA,"shiver"
"beat","asset",NA,"shock"
"beat","assist",NA,"shock"
"beat","assist",NA,"shock"
"beg","assistance",NA,"shock"
"beggar","assistant",NA,"shriek"
"behead","associate",NA,"shrill"
"belated","associate",NA,"smart"
"belie","associate",NA,"sob"
"belittle","association",NA,"somber"
"belligerent","association",NA,"sore"
"belt","assurance",NA,"soreness"
"bereave","assure",NA,"sorrow"
"bereavement","assure",NA,"sorrowful"
"bereft","assure",NA,"sorry"
"berserk","assuredly",NA,"sprain"
"beseech","astound",NA,"sting"
"beset","astute",NA,"stink"
"besiege","athletic",NA,"strain"
"betray","attachment",NA,"stress"
"betrayal","attain",NA,"stricken"
"beware","attainment",NA,"suffer"
"bewilder","attend",NA,"suffer"
"bewilderment","attendance",NA,"sullen"
"bit","attentive",NA,"tense"
"bitchy","attract",NA,"tension"
"bite","attraction",NA,"terrify"
"bite","attractive",NA,"terror"
"bite","attractiveness",NA,"thoughtless"
"bitter","attune",NA,"tire"
"bitterness","audible",NA,"tire"
"bizarre","augment",NA,"tire"
"blackmail","augmentation",NA,"tired"
"blah","auspicious",NA,"tired"
"blame","authentic",NA,"tired"
"blame","authenticity",NA,"tired"
"bland","authoritative",NA,"tolerable"
"blast","authority",NA,"torturous"
"blast","autonomous",NA,"touchy"
"blatant","availability",NA,"tragedy"
"bleak","avid",NA,"traumatic"
"blemish","award",NA,"trouble"
"blind","award",NA,"trouble"
"blind","aware",NA,"trouble"
"blind","awareness",NA,"unassured"
"blind","back",NA,"unbearable"
"blindness","back",NA,"uncomfortable"
"block","backbone",NA,"uneasiness"
"block","backer",NA,"uneasy"
"blockhead","backing",NA,"unhappiness"
"bloodshed","ball",NA,"unhappy"
"bloodthirsty","ball",NA,"unnerve"
"bloody","balmy",NA,"unsettling"
"blow","baptism",NA,"unspeakable"
"blow","baptize",NA,"unwilling"
"blunder","bargain",NA,"unwillingness"
"blunt","basic",NA,"upset"
"blur","basic",NA,"upset"
"blurt","beacon",NA,"upset"
"board","beauteous",NA,"wail"
"boast","beautify",NA,"wallow"
"boastful","beauty",NA,"wary"
"bogus","befit",NA,"weary"
"boisterous","befitting",NA,"weep"
"bolt","befriend",NA,"whimper"
"bomb","behalf",NA,"wince"
"bomb","beloved",NA,"wind"
"bombard","benefactor",NA,"woe"
"bombardment","beneficent",NA,"woeful"
"bondage","beneficial",NA,"worry"
"boot","beneficiary",NA,"worry"
"bore","benefit",NA,"worry"
"bore","benefit",NA,"worry"
"bore","benefit",NA,"wretch"
"boredom","benevolence",NA,"wretchedness"
"bother","benevolent",NA,"writhe"
"bother","benign",NA,"yelp"
"bothersome","bequeath",NA,NA
"bound","best",NA,NA
"bout","bestow",NA,NA
"box","betroth",NA,NA
"brag","betrothal",NA,NA
"brandish","better",NA,NA
"brat","better",NA,NA
"bravado","blameless",NA,NA
"brawl","bless",NA,NA
"brazen","bless",NA,NA
"breach","bless",NA,NA
"break","bliss",NA,NA
"break","blissful",NA,NA
"break","blithe",NA,NA
"breakdown","bloom",NA,NA
"bribe","blossom",NA,NA
"bristle","board",NA,NA
"brittle","boldness",NA,NA
"broke","bolster",NA,NA
"broke","bonny",NA,NA
"broke","bonus",NA,NA
"broke","boom",NA,NA
"broken-hearted","boost",NA,NA
"brood","boost",NA,NA
"bruise","boundless",NA,NA
"brusque","bountiful",NA,NA
"brutality","brainy",NA,NA
"brute","brave",NA,NA
"brutish","bravery",NA,NA
"buckle","breadwinner",NA,NA
"bug","bright",NA,NA
"bullet","brightness",NA,NA
"bum","brilliance",NA,NA
"bungle","brilliant",NA,NA
"burden","brotherhood",NA,NA
"burden","brotherly",NA,NA
"burdensome","buoyant",NA,NA
"burglar","buy",NA,NA
"burglary","call",NA,NA
"burn","calm",NA,NA
"burn","calm",NA,NA
"burn","calm",NA,NA
"burn","calmness",NA,NA
"bury","candid",NA,NA
"busybody","candor",NA,NA
"butchery","capability",NA,NA
"calamity","capable",NA,NA
"callous","capitalize",NA,NA
"cancel","captivation",NA,NA
"cancellation","care",NA,NA
"cancer","care",NA,NA
"cannibal","carefree",NA,NA
"cannon","careful",NA,NA
"capital","caress",NA,NA
"capitulate","caress",NA,NA
"capricious","casual",NA,NA
"capsize","ceaseless",NA,NA
"captive","celebrate",NA,NA
"capture","celebration",NA,NA
"capture","celebrity",NA,NA
"careen","ceremonial",NA,NA
"careless","champ",NA,NA
"carelessness","champion",NA,NA
"casualty","championship",NA,NA
"cataclysm","charisma",NA,NA
"catastrophe","charitable",NA,NA
"catch","charity",NA,NA
"cave","charm",NA,NA
"censor","charm",NA,NA
"censorship","chaste",NA,NA
"censure","cheer",NA,NA
"chafe","cheerful",NA,NA
"challenge","cheery",NA,NA
"challenge","cherish",NA,NA
"chaos","cherish",NA,NA
"chaotic","cherub",NA,NA
"charge","chic",NA,NA
"charge","chivalrous",NA,NA
"charge","chivalry",NA,NA
"charge","chosen",NA,NA
"chase","chum",NA,NA
"chase","civil",NA,NA
"chastise","civility",NA,NA
"cheap","civilization",NA,NA
"cheapen","civilize",NA,NA
"cheater","civilize",NA,NA
"chide","clarify",NA,NA
"childish","clarity",NA,NA
"choke","classic",NA,NA
"choke","clean",NA,NA
"chore","clean",NA,NA
"chronic","cleanliness",NA,NA
"circle","cleanse",NA,NA
"clamor","clear",NA,NA
"clamorous","clear",NA,NA
"clash","clear",NA,NA
"clatter","clear",NA,NA
"clique","clear",NA,NA
"clog","clearness",NA,NA
"close","clever",NA,NA
"close","closeness",NA,NA
"club","clout",NA,NA
"club","co-operation",NA,NA
"clumsy","coax",NA,NA
"clutter","coddle",NA,NA
"coarse","coexistence",NA,NA
"coarseness","cogent",NA,NA
"cockiness","cognizance",NA,NA
"cocky","cognizant",NA,NA
"coerce","coherent",NA,NA
"coercion","cohesion",NA,NA
"coercive","cohort",NA,NA
"cold","coincident",NA,NA
"cold","collaborate",NA,NA
"cold","collaboration",NA,NA
"cold","colleague",NA,NA
"collapse","colossal",NA,NA
"collapse","comeback",NA,NA
"collide","comedy",NA,NA
"collision","comely",NA,NA
"collusion","comestible",NA,NA
"colony","comfort",NA,NA
"combat","comfort",NA,NA
"combat","comfort",NA,NA
"combatant","comfortable",NA,NA
"commiseration","comic",NA,NA
"commit","comical",NA,NA
"commoner","commemorate",NA,NA
"commonplace","commemoration",NA,NA
"commotion","commencement",NA,NA
"compel","commend",NA,NA
"compel","commendable",NA,NA
"compete","commendation",NA,NA
"competition","commensurate",NA,NA
"competitive","commission",NA,NA
"competitor","commitment",NA,NA
"complain","commodious",NA,NA
"complaint","common",NA,NA
"complex","common",NA,NA
"complexity","commonsense",NA,NA
"complicate","communal",NA,NA
"complicate","commune",NA,NA
"complication","communicate",NA,NA
"complicity","communicate",NA,NA
"compulsion","communicative",NA,NA
"conceal","communion",NA,NA
"conceit","community",NA,NA
"concern","companion",NA,NA
"concern","companionship",NA,NA
"condemn","company",NA,NA
"condemn","compassion",NA,NA
"condemnation","compassionate",NA,NA
"condescending","compatible",NA,NA
"condescension","compensate",NA,NA
"confess","compensation",NA,NA
"confession","competence",NA,NA
"confine","competency",NA,NA
"confine","competent",NA,NA
"confinement","complement",NA,NA
"confiscate","complement",NA,NA
"confiscation","complementary",NA,NA
"conflict","complete",NA,NA
"conflict","complete",NA,NA
"conflict","completeness",NA,NA
"conflict","completion",NA,NA
"confound","compliance",NA,NA
"confront","compliment",NA,NA
"confrontation","composure",NA,NA
"confuse","comprehend",NA,NA
"confuse","comprehension",NA,NA
"confuse","comprehensive",NA,NA
"confuse","compromise",NA,NA
"confusion","compromise",NA,NA
"congested","concession",NA,NA
"congestion","conclusive",NA,NA
"conspiracy","concur",NA,NA
"conspirator","condone",NA,NA
"conspire","conducive",NA,NA
"consternation","confederation",NA,NA
"constrain","confer",NA,NA
"constraint","confidant",NA,NA
"consumptive","confide",NA,NA
"contagious","confidence",NA,NA
"contaminate","confident",NA,NA
"contamination","congenial",NA,NA
"contempt","congratulate",NA,NA
"contemptible","congratulation",NA,NA
"contemptuous","congratulatory",NA,NA
"contend","congregate",NA,NA
"contradict","conjunction",NA,NA
"contradiction","conjure",NA,NA
"contradictory","connect",NA,NA
"contrary","conquer",NA,NA
"controversial","conqueror",NA,NA
"controversy","conquest",NA,NA
"convict","conscience",NA,NA
"convict","conscientious",NA,NA
"cool","consensus",NA,NA
"coolness","consent",NA,NA
"corrode","consent",NA,NA
"corrosion","conserve",NA,NA
"corrosive","consider",NA,NA
"corrupt","consider",NA,NA
"corruption","considerate",NA,NA
"cost","consideration",NA,NA
"cost","consign",NA,NA
"costliness","consistency",NA,NA
"costly","consistent",NA,NA
"counteract","console",NA,NA
"counteraction","consolidate",NA,NA
"counterfeit","constancy",NA,NA
"covert","constructive",NA,NA
"covet","consult",NA,NA
"coward","consultation",NA,NA
"crafty","consummate",NA,NA
"cram","contact",NA,NA
"cramp","contact",NA,NA
"cranky","content",NA,NA
"crass","content",NA,NA
"crave","content",NA,NA
"crawl","contentment",NA,NA
"craze","continuity",NA,NA
"craziness","contribute",NA,NA
"crazy","contribute",NA,NA
"credulous","contribution",NA,NA
"crime","contributor",NA,NA
"criminal","convene",NA,NA
"cringe","conviction",NA,NA
"cripple","convince",NA,NA
"crisis","convince",NA,NA
"critic","cooperate",NA,NA
"criticize","cooperation",NA,NA
"croak","cooperative",NA,NA
"crook","cooperative",NA,NA
"crooked","cooperative",NA,NA
"cross","coordinate",NA,NA
"cross","coordination",NA,NA
"cross","cordial",NA,NA
"crude","correct",NA,NA
"cruel","correct",NA,NA
"cruelty","correct",NA,NA
"crumble","correction",NA,NA
"crumple","council",NA,NA
"crush","counsel",NA,NA
"crush","counsel",NA,NA
"crushing","courage",NA,NA
"culpable","courageous",NA,NA
"culprit","courteous",NA,NA
"cumbersome","courtesy",NA,NA
"curse","courtly",NA,NA
"curse","covenant",NA,NA
"cursory","cozy",NA,NA
"curt","create",NA,NA
"curtail","creative",NA,NA
"cut","creativity",NA,NA
"cut","credentials",NA,NA
"cynical","credibility",NA,NA
"cynicism","credible",NA,NA
"damage","credit",NA,NA
"damage","credit",NA,NA
"damn","crusade",NA,NA
"damnable","crusader",NA,NA
"damned","cuddle",NA,NA
"danger","culminate",NA,NA
"dangerous","culmination",NA,NA
"dark","cultivate",NA,NA
"darken","cultivate",NA,NA
"darkness","cultivation",NA,NA
"darn","culture",NA,NA
"daunting","cupid",NA,NA
"dawdle","cure",NA,NA
"daze","cure",NA,NA
"dead","curtsey",NA,NA
"deadlock","cute",NA,NA
"deadly","dance",NA,NA
"deadweight","dance",NA,NA
"deaf","dance",NA,NA
"deafness","dare",NA,NA
"deal","daring",NA,NA
"dearth","darling",NA,NA
"death","dauntless",NA,NA
"debatable","dawn",NA,NA
"debtor","dazzle",NA,NA
"decadence","deal",NA,NA
"decadent","dear",NA,NA
"decay","dear",NA,NA
"decay","decency",NA,NA
"decease","decent",NA,NA
"deceit","decipher",NA,NA
"deceitful","decorate",NA,NA
"deceive","decoration",NA,NA
"deceive","decorative",NA,NA
"deception","dedicate",NA,NA
"deceptive","dedicate",NA,NA
"decline","dedication",NA,NA
"decline","deduce",NA,NA
"decompose","defend",NA,NA
"decrease","defender",NA,NA
"decrease","defense",NA,NA
"defame","deference",NA,NA
"default","definitive",NA,NA
"defeat","delicacy",NA,NA
"defeat","delicate",NA,NA
"defect","delight",NA,NA
"defective","delight",NA,NA
"defendant","delightful",NA,NA
"defensive","dependability",NA,NA
"defiance","dependable",NA,NA
"defiant","descry",NA,NA
"deficiency","deserve",NA,NA
"deficient","deservedly",NA,NA
"deficit","desirable",NA,NA
"defile","desirous",NA,NA
"defy","devote",NA,NA
"degenerate","devote",NA,NA
"degrade","devotion",NA,NA
"dejected","devout",NA,NA
"delay","dexterity",NA,NA
"delay","dig",NA,NA
"delinquency","dignified",NA,NA
"delinquent","dignify",NA,NA
"delirium","dignity",NA,NA
"deluge","diligent",NA,NA
"delusion","discern",NA,NA
"demean","discreet",NA,NA
"demise","discretion",NA,NA
"demolish","discuss",NA,NA
"demon","distinct",NA,NA
"demoralize","distinction",NA,NA
"denial","distinctive",NA,NA
"denounce","distinguish",NA,NA
"dent","distinguish",NA,NA
"deny","distinguished",NA,NA
"dependent","divine",NA,NA
"deplete","divine",NA,NA
"deplorable","divinity",NA,NA
"deplore","dominance",NA,NA
"depose","donate",NA,NA
"depraved","donation",NA,NA
"depreciate","dote",NA,NA
"depreciation","doubtless",NA,NA
"depress","dreamland",NA,NA
"depress","durability",NA,NA
"depress","durable",NA,NA
"depression","dynamic",NA,NA
"depression","eager",NA,NA
"deprive","eagerness",NA,NA
"deride","earnest",NA,NA
"derision","earnestness",NA,NA
"derisive","ease",NA,NA
"derogatory","ease",NA,NA
"desert","easy",NA,NA
"desert","easy",NA,NA
"desertion","easy",NA,NA
"desire","easy",NA,NA
"desolate","economize",NA,NA
"desolation","ecstasy",NA,NA
"despair","ecstatic",NA,NA
"despair","edible",NA,NA
"desperate","educated",NA,NA
"desperation","education",NA,NA
"despicable","educational",NA,NA
"despise","effective",NA,NA
"despise","effectiveness",NA,NA
"destitute","efficacy",NA,NA
"destroy","efficiency",NA,NA
"destruction","efficient",NA,NA
"destructive","elaborate",NA,NA
"detachment","elaboration",NA,NA
"detain","elate",NA,NA
"deter","elegance",NA,NA
"deterrent","elegant",NA,NA
"detest","eloquent",NA,NA
"detestable","embellish",NA,NA
"detract","embrace",NA,NA
"detrimental","embrace",NA,NA
"devastate","eminence",NA,NA
"devastation","eminent",NA,NA
"deviate","empathy",NA,NA
"deviation","empower",NA,NA
"devil","empowerment",NA,NA
"devilish","enable",NA,NA
"devious","enchant",NA,NA
"devoid","enchant",NA,NA
"diabolic","enchantment",NA,NA
"diabolical","encourage",NA,NA
"dictate","encourage",NA,NA
"dictatorial","encouragement",NA,NA
"differ","endear",NA,NA
"difficult","endorse",NA,NA
"difficulty","endow",NA,NA
"dilemma","endurance",NA,NA
"dim","energetic",NA,NA
"dim","energize",NA,NA
"din","engage",NA,NA
"dire","enhance",NA,NA
"dirt","enhancement",NA,NA
"dirty","enjoy",NA,NA
"disable","enjoyable",NA,NA
"disadvantage","enjoyment",NA,NA
"disadvantageous","enlighten",NA,NA
"disagreeable","enlighten",NA,NA
"disagreement","enlightenment",NA,NA
"disappoint","enrich",NA,NA
"disappoint","enrichment",NA,NA
"disappoint","ensemble",NA,NA
"disappoint","ensure",NA,NA
"disappointment","entertain",NA,NA
"disapproval","entertain",NA,NA
"disapprove","entertainment",NA,NA
"disarm","enthusiasm",NA,NA
"disaster","enthusiastic",NA,NA
"disastrous","entrepreneurial",NA,NA
"disavow","entrust",NA,NA
"disavowal","envision",NA,NA
"disbelief","equality",NA,NA
"discharge","equitable",NA,NA
"discharge","equity",NA,NA
"disclaim","essential",NA,NA
"discomfort","essential",NA,NA
"disconcerted","establish",NA,NA
"discontent","establish",NA,NA
"discord","esteem",NA,NA
"discordant","ethical",NA,NA
"discourage","ethics",NA,NA
"discourage","etiquette",NA,NA
"discouragement","even",NA,NA
"discredit","even",NA,NA
"discrepant","everlasting",NA,NA
"discriminate","exact",NA,NA
"disdain","exact",NA,NA
"disease","exalt",NA,NA
"diseased","excel",NA,NA
"disgrace","excellence",NA,NA
"disguise","excellent",NA,NA
"disgust","excite",NA,NA
"disgust","excite",NA,NA
"disgust","excited",NA,NA
"disgust","excitedness",NA,NA
"disgust","excitement",NA,NA
"dishearten","exertion",NA,NA
"dishonest","exhilaration",NA,NA
"dishonor","exotic",NA,NA
"disingenuous","experience",NA,NA
"disinterest","experience",NA,NA
"dislike","expert",NA,NA
"dislike","expert",NA,NA
"dismal","exquisite",NA,NA
"dismiss","extol",NA,NA
"dismiss","extraordinary",NA,NA
"disobedience","extravagance",NA,NA
"disobedient","exuberance",NA,NA
"disorder","exuberant",NA,NA
"disorganized","exult",NA,NA
"dispel","exultation",NA,NA
"dispensability","eye",NA,NA
"dispense","fabulous",NA,NA
"displace","facilitate",NA,NA
"displease","factual",NA,NA
"displeasure","fair",NA,NA
"disposal","fair",NA,NA
"dispose","fair",NA,NA
"dispose","fairness",NA,NA
"disproportionate","faith",NA,NA
"disprove","faith",NA,NA
"disputable","faithful",NA,NA
"dispute","faithfulness",NA,NA
"dispute","fame",NA,NA
"disregard","familiar",NA,NA
"disrupt","familiarity",NA,NA
"disruption","familiarize",NA,NA
"dissatisfaction","famous",NA,NA
"dissatisfied","fancy",NA,NA
"dissatisfy","fantastic",NA,NA
"dissent","fantasy",NA,NA
"dissention","farsighted",NA,NA
"dissolution","fascination",NA,NA
"distort","fashionable",NA,NA
"distortion","favor",NA,NA
"distract","favor",NA,NA
"distracting","favor",NA,NA
"distraction","favor",NA,NA
"distress","favor",NA,NA
"distress","favorable",NA,NA
"distrustful","favorite",NA,NA
"disturb","fearless",NA,NA
"disturb","feasible",NA,NA
"disturb","feast",NA,NA
"disturbance","feast",NA,NA
"diversion","fellow",NA,NA
"divert","fellowship",NA,NA
"divide","fertile",NA,NA
"divide","fervent",NA,NA
"division","fervor",NA,NA
"divorce","festival",NA,NA
"divorce","festive",NA,NA
"divorce","festivity",NA,NA
"dizzy","fidelity",NA,NA
"doldrums","fiery",NA,NA
"dominate","filial",NA,NA
"dominate","fill",NA,NA
"dominate","fine",NA,NA
"domination","fine",NA,NA
"doom","fine",NA,NA
"doom","fine",NA,NA
"doomsday","fine",NA,NA
"dope","firmness",NA,NA
"double","fit",NA,NA
"double","fit",NA,NA
"doubt","fitness",NA,NA
"doubt","flair",NA,NA
"doubt","flashy",NA,NA
"doubtful","flatter",NA,NA
"downcast","flattery",NA,NA
"downfall","flaunt",NA,NA
"downhearted","flawless",NA,NA
"drab","flexible",NA,NA
"drag","flirt",NA,NA
"dread","flourish",NA,NA
"dreadful","fluent",NA,NA
"dreary","fond",NA,NA
"drive","fond",NA,NA
"droop","fond",NA,NA
"drop","fond",NA,NA
"drop","fond",NA,NA
"drop","fond",NA,NA
"drought","fond",NA,NA
"drown","fondness",NA,NA
"drown","foremost",NA,NA
"drowsiness","foresight",NA,NA
"drowsy","forgave",NA,NA
"drunk","forgive",NA,NA
"drunk","forgiven",NA,NA
"drunkard","forgiveness",NA,NA
"drunken","formality",NA,NA
"dubious","fortify",NA,NA
"dull","fortitude",NA,NA
"dumb","fortunate",NA,NA
"dump","forward",NA,NA
"dump","foster",NA,NA
"dunce","fragrant",NA,NA
"dungeon","frank",NA,NA
"duty","free",NA,NA
"dwindle","free",NA,NA
"dying","free",NA,NA
"dying","free",NA,NA
"eccentric","free",NA,NA
"eccentricity","freedom",NA,NA
"edge","fresh",NA,NA
"egotistical","friend",NA,NA
"eliminate","friendly",NA,NA
"elimination","friendship",NA,NA
"embarrass","frolic",NA,NA
"embarrassment","frugal",NA,NA
"emergency","fruitful",NA,NA
"empty","fruition",NA,NA
"empty","fulfill",NA,NA
"encroach","fulfillment",NA,NA
"encroachment","fullness",NA,NA
"endanger","fun",NA,NA
"enemy","funny",NA,NA
"enforce","funny",NA,NA
"engulf","funny",NA,NA
"enrage","gaiety",NA,NA
"enslave","gaily",NA,NA
"entangle","gain",NA,NA
"entanglement","gain",NA,NA
"entreat","gallant",NA,NA
"envious","gallantry",NA,NA
"envy","game",NA,NA
"epidemic","garnish",NA,NA
"epithet","gay",NA,NA
"equivocal","generate",NA,NA
"eradicate","generosity",NA,NA
"erase","generous",NA,NA
"erode","genial",NA,NA
"erosion","genius",NA,NA
"err","gentle",NA,NA
"erroneous","genuine",NA,NA
"error","giddy",NA,NA
"esoteric","gift",NA,NA
"estranged","gifted",NA,NA
"evade","give",NA,NA
"evasion","give",NA,NA
"even","glad",NA,NA
"evict","glad",NA,NA
"evil","gladden",NA,NA
"evil","gladness",NA,NA
"exaggeration","glamorous",NA,NA
"exasperate","glamour",NA,NA
"exasperation","gleam",NA,NA
"exception","gleam",NA,NA
"excess","glean",NA,NA
"excessive","glee",NA,NA
"exclude","glimmer",NA,NA
"exclusion","glisten",NA,NA
"excommunication","glisten",NA,NA
"execute","glitter",NA,NA
"exempt","glitter",NA,NA
"exhaust","glorify",NA,NA
"exhaustion","glorious",NA,NA
"exile","glory",NA,NA
"exit","glossy",NA,NA
"expedient","glow",NA,NA
"expel","glow",NA,NA
"expense","godlike",NA,NA
"expense","godliness",NA,NA
"expensive","gold",NA,NA
"explode","golden",NA,NA
"exploit","good",NA,NA
"explosion","goodbye",NA,NA
"explosive","goodness",NA,NA
"expose","gorgeous",NA,NA
"exterminate","grace",NA,NA
"extermination","graceful",NA,NA
"extinct","gracious",NA,NA
"extinguish","graduation",NA,NA
"extravagant","grand",NA,NA
"fabricate","grandeur",NA,NA
"fabrication","grateful",NA,NA
"fail","gratification",NA,NA
"fail","gratify",NA,NA
"fail","gratitude",NA,NA
"fail","great",NA,NA
"failure","great",NA,NA
"faint","great",NA,NA
"fake","greatness",NA,NA
"fall","greet",NA,NA
"fallacy","greet",NA,NA
"fallout","groom",NA,NA
"false","guarantee",NA,NA
"falsehood","guarantee",NA,NA
"falter","guardian",NA,NA
"famine","guide",NA,NA
"famished","guide",NA,NA
"fanatic","guide",NA,NA
"fanatical","gusto",NA,NA
"farce","hallowed",NA,NA
"fascist","hand",NA,NA
"fat","handsome",NA,NA
"fat","handy",NA,NA
"fat","happiness",NA,NA
"fatal","happy",NA,NA
"fatalistic","happy",NA,NA
"fatigue","happy",NA,NA
"fault","happy",NA,NA
"fear","hardy",NA,NA
"fear","harmless",NA,NA
"fear","harmonious",NA,NA
"fearful","harmonize",NA,NA
"fearsome","harmony",NA,NA
"fed","harness",NA,NA
"feeble","haven",NA,NA
"feign","heal",NA,NA
"feint","health",NA,NA
"ferocious","healthful",NA,NA
"ferocity","healthy",NA,NA
"feud","healthy",NA,NA
"feudal","healthy",NA,NA
"fever","heart",NA,NA
"feverish","heartily",NA,NA
"fiasco","heaven",NA,NA
"fickle","heavenly",NA,NA
"fidget","help",NA,NA
"fiend","help",NA,NA
"fierce","help",NA,NA
"fight","helpful",NA,NA
"fight","hero",NA,NA
"fight","heroic",NA,NA
"fighter","heroine",NA,NA
"filth","heroism",NA,NA
"filthy","highlight",NA,NA
"fine","hilarious",NA,NA
"fine","hit",NA,NA
"fire","holy",NA,NA
"fire","homage",NA,NA
"fire","home",NA,NA
"fist","honest",NA,NA
"fix","honest",NA,NA
"flagrant","honest",NA,NA
"flaw","honeymoon",NA,NA
"fled","honor",NA,NA
"flee","honor",NA,NA
"fleeting","honor",NA,NA
"flimsy","honorable",NA,NA
"floor","hope",NA,NA
"flounder","hope",NA,NA
"foe","hopeful",NA,NA
"foible","hospitable",NA,NA
"fool","hug",NA,NA
"fool","human",NA,NA
"foolish","humanitarian",NA,NA
"foolishness","humanity",NA,NA
"forbid","humble",NA,NA
"forbidden","humility",NA,NA
"force","humor",NA,NA
"force","humorous",NA,NA
"force","hygiene",NA,NA
"foreboding","ideal",NA,NA
"foreign","ideal",NA,NA
"forfeit","ideal",NA,NA
"forgetfulness","idealism",NA,NA
"forlorn","idol",NA,NA
"formidable","idolize",NA,NA
"forsake","illuminate",NA,NA
"fought","illustrious",NA,NA
"founder","imagination",NA,NA
"fracture","imaginative",NA,NA
"fragile","immaculate",NA,NA
"frantic","immortal",NA,NA
"frantically","impartial",NA,NA
"fraud","impartiality",NA,NA
"fraudulent","imperative",NA,NA
"fraught","impervious",NA,NA
"freak","impetus",NA,NA
"fret","importance",NA,NA
"fretful","important",NA,NA
"frighten","impress",NA,NA
"frighten","impressive",NA,NA
"frighten","improve",NA,NA
"frightful","improve",NA,NA
"frigid","improve",NA,NA
"frivolous","improvement",NA,NA
"front","impunity",NA,NA
"frown","inaugurate",NA,NA
"frown","inauguration",NA,NA
"fruitless","independence",NA,NA
"frustrate","independent",NA,NA
"frustrate","independent",NA,NA
"frustrate","indescribable",NA,NA
"frustration","indicative",NA,NA
"fugitive","indispensability",NA,NA
"fumble","indispensable",NA,NA
"fun","individuality",NA,NA
"furious","indomitable",NA,NA
"fury","indulgence",NA,NA
"fuss","industrious",NA,NA
"fussy","inexpensive",NA,NA
"futility","infallibility",NA,NA
"gall","infallible",NA,NA
"gamble","infer",NA,NA
"gamble","inference",NA,NA
"gash","inform",NA,NA
"gaudy","inform",NA,NA
"germ","ingenious",NA,NA
"get","ingenuity",NA,NA
"ghastly","inherit",NA,NA
"ghetto","innocence",NA,NA
"glare","innocent",NA,NA
"gloat","innovate",NA,NA
"gloom","innovative",NA,NA
"gloomy","inquisitive",NA,NA
"glum","inseparable",NA,NA
"goddamn","insight",NA,NA
"grab","insistent",NA,NA
"grapple","inspiration",NA,NA
"gratuitous","inspirational",NA,NA
"grave","inspire",NA,NA
"grave","inspire",NA,NA
"grave","instinctive",NA,NA
"grave","integrity",NA,NA
"grave","intellect",NA,NA
"grief","intellectual",NA,NA
"grievance","intellectual",NA,NA
"grieve","intellectual",NA,NA
"grim","intelligence",NA,NA
"grizzly","intelligent",NA,NA
"grotesque","intelligible",NA,NA
"growl","intercede",NA,NA
"grudge","intercourse",NA,NA
"gruff","interest",NA,NA
"grumble","interest",NA,NA
"guerrilla","interest",NA,NA
"guilt","interested",NA,NA
"guilty","interested",NA,NA
"guise","interpose",NA,NA
"gullible","intimacy",NA,NA
"gun","intimate",NA,NA
"gunmen","intricate",NA,NA
"hack","intrigue",NA,NA
"hackney","invaluable",NA,NA
"hag","inventor",NA,NA
"haggard","invincible",NA,NA
"hamper","invitation",NA,NA
"hand","invite",NA,NA
"handicap","invite",NA,NA
"hang","invulnerable",NA,NA
"hang","irresistible",NA,NA
"haphazard","jest",NA,NA
"hapless","join",NA,NA
"harass","jointly",NA,NA
"harassment","joke",NA,NA
"hard","joke",NA,NA
"hard","joke",NA,NA
"hardship","jolly",NA,NA
"harm","joy",NA,NA
"harm","joyful",NA,NA
"harmful","jubilant",NA,NA
"harsh","jubilee",NA,NA
"hassle","just",NA,NA
"hate","just",NA,NA
"hate","justice",NA,NA
"hate","justifiably",NA,NA
"hater","justification",NA,NA
"hatred","justify",NA,NA
"haughty","keen",NA,NA
"haunt","kid",NA,NA
"havoc","kind",NA,NA
"hazard","kind",NA,NA
"hazard","kindness",NA,NA
"hazardous","kiss",NA,NA
"haziness","kiss",NA,NA
"hazy","know",NA,NA
"headache","know",NA,NA
"heartless","knowledge",NA,NA
"hectic","laudable",NA,NA
"hedge","laugh",NA,NA
"hedonistic","laugh",NA,NA
"heedless","laugh",NA,NA
"heinous","laugh",NA,NA
"hell","laughter",NA,NA
"help","lavish",NA,NA
"helpless","law",NA,NA
"helplessness","lawful",NA,NA
"hideous","lead",NA,NA
"hinder","learn",NA,NA
"hindrance","learn",NA,NA
"hit","learner",NA,NA
"hit","legal",NA,NA
"hoard","legitimacy",NA,NA
"hobble","legitimate",NA,NA
"hole","leisure",NA,NA
"hole","liberal",NA,NA
"hollow","liberal",NA,NA
"homely","liberalism",NA,NA
"hopeless","liberate",NA,NA
"horde","liberty",NA,NA
"horn","lifelong",NA,NA
"horrible","light",NA,NA
"horrid","light",NA,NA
"horrify","likable",NA,NA
"horror","like",NA,NA
"hostile","like",NA,NA
"hostility","live",NA,NA
"hot","lively",NA,NA
"humiliate","logic",NA,NA
"humiliation","logical",NA,NA
"hung","longevity",NA,NA
"hunger","love",NA,NA
"hungry","love",NA,NA
"hunt","love",NA,NA
"hunt","love",NA,NA
"hunt","loveliness",NA,NA
"hunter","lovely",NA,NA
"hurt","lover",NA,NA
"hurt","lover",NA,NA
"hurtful","loyal",NA,NA
"hustle","loyalty",NA,NA
"hustler","lucid",NA,NA
"hypocrisy","luck",NA,NA
"hypocrite","luckily",NA,NA
"hysteria","lucky",NA,NA
"hysterical","lucrative",NA,NA
"idiot","luminous",NA,NA
"idiotic","lust",NA,NA
"idleness","luster",NA,NA
"ignoble","lustrous",NA,NA
"ignorance","luxuriant",NA,NA
"ignorant","luxurious",NA,NA
"ill","luxury",NA,NA
"ill","lyric",NA,NA
"ill","lyrical",NA,NA
"ill","magical",NA,NA
"illegal","magnetic",NA,NA
"illegality","magnificence",NA,NA
"illiterate","magnificent",NA,NA
"illness","main",NA,NA
"illogical","majestic",NA,NA
"immature","majesty",NA,NA
"immobility","major",NA,NA
"immoral","make",NA,NA
"immorality","make",NA,NA
"immovable","manageable",NA,NA
"impair","manly",NA,NA
"impasse","marital",NA,NA
"impatience","marriage",NA,NA
"impatient","marry",NA,NA
"impede","marry",NA,NA
"impediment","marvel",NA,NA
"imperfect","marvelous",NA,NA
"impersonal","masterful",NA,NA
"impetuous","mastery",NA,NA
"implicate","matchless",NA,NA
"implore","mate",NA,NA
"impose","mate",NA,NA
"imprecision","matter",NA,NA
"imprison","mature",NA,NA
"imprisonment","mature",NA,NA
"improper","mature",NA,NA
"impulsive","maturity",NA,NA
"impure","maximize",NA,NA
"impurity","meaningful",NA,NA
"inability","measurable",NA,NA
"inaccessible","mediate",NA,NA
"inaccuracy","meditation",NA,NA
"inadequate","meet",NA,NA
"inane","mellow",NA,NA
"incapable","melody",NA,NA
"incessant","memorable",NA,NA
"incompatibility","mend",NA,NA
"incompatible","mentor",NA,NA
"incompetence","merciful",NA,NA
"incompetent","mercy",NA,NA
"inconsistency","merit",NA,NA
"inconvenient","merit",NA,NA
"incorrect","meritorious",NA,NA
"incredible","merrily",NA,NA
"incurable","merriment",NA,NA
"indecent","merry",NA,NA
"indefinite","mesh",NA,NA
"indeterminable","meticulous",NA,NA
"indeterminate","mighty",NA,NA
"indictment","mild",NA,NA
"indifference","mind#_10",NA,NA
"indifferent","mindful",NA,NA
"indignation","minister",NA,NA
"indulge","mint",NA,NA
"ineffective","miracle",NA,NA
"ineffectiveness","miraculous",NA,NA
"ineffectual","mirth",NA,NA
"ineffectualness","mobility",NA,NA
"inefficiency","mobilize",NA,NA
"inequality","moderate",NA,NA
"inexact","moderation",NA,NA
"inexplicable","modernity",NA,NA
"infamous","modest",NA,NA
"infect","modesty",NA,NA
"infection","momentous",NA,NA
"inferior","monumental",NA,NA
"inferiority","moral",NA,NA
"infest","morale",NA,NA
"infiltration","moralistic",NA,NA
"inflame","morality",NA,NA
"inflation","motivate",NA,NA
"inflict","motivated",NA,NA
"infraction","motivation",NA,NA
"infringement","motive",NA,NA
"infuriate","multitude",NA,NA
"ingratitude","mutual",NA,NA
"inhibit","mutual",NA,NA
"inhibition","myriad",NA,NA
"inhumane","natural",NA,NA
"injunction","natural",NA,NA
"injure","navigable",NA,NA
"injurious","neat",NA,NA
"injury","necessarily",NA,NA
"insane","negotiate",NA,NA
"insecure","nice",NA,NA
"insecurity","nice",NA,NA
"insensible","nice",NA,NA
"insidious","nice",NA,NA
"insignificant","niche",NA,NA
"insinuate","nimble",NA,NA
"insolence","nobility",NA,NA
"insolent","noble",NA,NA
"instability","nobleman",NA,NA
"instable","noiseless",NA,NA
"insufficiency","nominate",NA,NA
"insufficient","non-violence",NA,NA
"insult","non-violent",NA,NA
"interfere","normal",NA,NA
"interference","notable",NA,NA
"interrupt","notoriety",NA,NA
"interruption","nourish",NA,NA
"intervention","nourishment",NA,NA
"intimidate","novelty",NA,NA
"intolerable","nurse",NA,NA
"intoxicate","nurture",NA,NA
"intrude","nutrient",NA,NA
"intruder","oasis",NA,NA
"intrusion","obedience",NA,NA
"inundate","obedient",NA,NA
"inundated","obey",NA,NA
"invade","objective",NA,NA
"invalid","objective",NA,NA
"invisible","oblige",NA,NA
"involuntary","obtain",NA,NA
"involve","obtainable",NA,NA
"irk","offer",NA,NA
"iron","offer",NA,NA
"iron","offer",NA,NA
"ironic","offset",NA,NA
"irony","onset",NA,NA
"irrational","onward",NA,NA
"irregular","open",NA,NA
"irregularity","open",NA,NA
"irresponsible","opportune",NA,NA
"irritable","opportunity",NA,NA
"irritation","optimal",NA,NA
"isolate","optimism",NA,NA
"isolate","optimistic",NA,NA
"jail","optional",NA,NA
"jail","order",NA,NA
"jar","order",NA,NA
"jeer","order",NA,NA
"jeopardize","organize",NA,NA
"jeopardy","organize",NA,NA
"jerk","originality",NA,NA
"jerk","outgoing",NA,NA
"jittery","outlive",NA,NA
"jobless","outright",NA,NA
"jumpy","outrun",NA,NA
"junk","outset",NA,NA
"kick","outstanding",NA,NA
"kick","outwit",NA,NA
"kick","overcome",NA,NA
"kidnap","overjoyed",NA,NA
"kill","painstaking",NA,NA
"kill","palatable",NA,NA
"killer","palatial",NA,NA
"knife","pamper",NA,NA
"knock","paradise",NA,NA
"knock","paramount",NA,NA
"knock","pardon",NA,NA
"lack","pardon",NA,NA
"lack","particular",NA,NA
"lack","partner",NA,NA
"lag","partnership",NA,NA
"laid","pass",NA,NA
"lame","passionate",NA,NA
"lament","patience",NA,NA
"lamentable","patient",NA,NA
"languish","patient",NA,NA
"lapse","patriot",NA,NA
"laugh","patriotic",NA,NA
"lawless","patron",NA,NA
"lay","patronage",NA,NA
"lazily","pay",NA,NA
"lazy","peace",NA,NA
"leak","peace",NA,NA
"leakage","peaceable",NA,NA
"let","peaceful",NA,NA
"liability","peerless",NA,NA
"liable","perfect",NA,NA
"liar","perfect",NA,NA
"lie","perfect",NA,NA
"lie","perfection",NA,NA
"lifeless","perfectionism",NA,NA
"limit","perfectionist",NA,NA
"limit","perfume",NA,NA
"limit","permission",NA,NA
"limitation","permit",NA,NA
"limp","perseverance",NA,NA
"liquidate","persevere",NA,NA
"liquidation","persuasive",NA,NA
"litter","pertinent",NA,NA
"load","picturesque",NA,NA
"lone","piety",NA,NA
"loneliness","pinnacle",NA,NA
"lonely","pious",NA,NA
"loner","plain",NA,NA
"lonesome","plain",NA,NA
"loom","plain",NA,NA
"lose","plain",NA,NA
"lose","plausibility",NA,NA
"loser","playful",NA,NA
"loss","playmate",NA,NA
"lost","plaything",NA,NA
"lost","pleasant",NA,NA
"lost","pleasant",NA,NA
"lost","pleasantry",NA,NA
"loveless","please",NA,NA
"low","please",NA,NA
"low","pleased",NA,NA
"lower","pleased",NA,NA
"lowly","pleasurable",NA,NA
"ludicrous","pleasure",NA,NA
"lull","pledge",NA,NA
"lunatic","plentiful",NA,NA
"lure","plenty",NA,NA
"lurk","poetic",NA,NA
"lying","poignant",NA,NA
"lying","poise",NA,NA
"mad","polish",NA,NA
"mad","polite",NA,NA
"madman","politeness",NA,NA
"madness","pomp",NA,NA
"make","popular",NA,NA
"maladjusted","popularity",NA,NA
"maladjustment","populous",NA,NA
"malady","portable",NA,NA
"malice","positive",NA,NA
"malicious","positiveness",NA,NA
"malignant","positivity",NA,NA
"mangle","posterity",NA,NA
"manipulate","potency",NA,NA
"manipulation","potent",NA,NA
"manslaughter","practicable",NA,NA
"mar","practical",NA,NA
"mar","praise",NA,NA
"marginal","praise",NA,NA
"massacre","prance",NA,NA
"matter","precaution",NA,NA
"meager","precedent",NA,NA
"mean","precept",NA,NA
"meaningless","precious",NA,NA
"meddle","precise",NA,NA
"mediocre","precision",NA,NA
"meek","preeminent",NA,NA
"melancholy","preference",NA,NA
"melodramatic","premier",NA,NA
"menace","premise",NA,NA
"menial","premium",NA,NA
"merciless","preparatory",NA,NA
"mess","prestige",NA,NA
"mess","prettily",NA,NA
"mind","pretty",NA,NA
"mine","pretty",NA,NA
"misbehave","pretty",NA,NA
"misbehavior","pretty",NA,NA
"mischief","priceless",NA,NA
"mischievous","pride",NA,NA
"miser","primarily",NA,NA
"miserable","prime",NA,NA
"misery","principal",NA,NA
"misfortune","principle",NA,NA
"mishandle","principle",NA,NA
"mishap","principle",NA,NA
"misinform","privacy",NA,NA
"misinformed","privileged",NA,NA
"mislead","privy",NA,NA
"misrepresent","prize",NA,NA
"miss","pro",NA,NA
"mistake","proactive",NA,NA
"mistake","prodigious",NA,NA
"mistake","prodigy",NA,NA
"mistaken","productive",NA,NA
"mistrust","productivity",NA,NA
"misunderstand","profess",NA,NA
"misunderstanding","proffer",NA,NA
"misunderstood","proficient",NA,NA
"misuse","profit",NA,NA
"mix","profit",NA,NA
"moan","profitable",NA,NA
"mock","profound",NA,NA
"mockery","progress",NA,NA
"molest","progress",NA,NA
"monotonous","progressive",NA,NA
"monotony","prolific",NA,NA
"monster","prominence",NA,NA
"monstrous","prominent",NA,NA
"moody","promise",NA,NA
"mortify","promise",NA,NA
"motionless","prompt",NA,NA
"motley","prompt",NA,NA
"mourn","promptly",NA,NA
"mourn","proper",NA,NA
"mourner","propitious",NA,NA
"muddle","proprietary",NA,NA
"muddy","propriety",NA,NA
"mumble","prosecute",NA,NA
"mundane","prosper",NA,NA
"murder","prosperity",NA,NA
"murder","prosperous",NA,NA
"murderous","protect",NA,NA
"murky","protection",NA,NA
"mutter","protective",NA,NA
"myself>","protector",NA,NA
"nag","proud",NA,NA
"naive","provide",NA,NA
"nasty","providence",NA,NA
"naughty","prowess",NA,NA
"nebulous","prudence",NA,NA
"need","prudent",NA,NA
"need","punctual",NA,NA
"need","pure",NA,NA
"needle","purification",NA,NA
"needy","purify",NA,NA
"negate","purity",NA,NA
"negation","purposeful",NA,NA
"negative","purr",NA,NA
"neglect","quaint",NA,NA
"neglect","qualify",NA,NA
"negligence","qualify",NA,NA
"negligent","quality",NA,NA
"nervous","quench",NA,NA
"nervousness","quicken",NA,NA
"neurotic","radiance",NA,NA
"neutralize","radiant",NA,NA
"nightmare","radiate",NA,NA
"nix","rally",NA,NA
"noise","rapport",NA,NA
"nonchalant","rapt",NA,NA
"nonsense","rapture",NA,NA
"nosey","rational",NA,NA
"notorious","rave",NA,NA
"novice","readily",NA,NA
"nuisance","real",NA,NA
"nullification","realistic",NA,NA
"nullify","realistically",NA,NA
"numb","reap",NA,NA
"nuts","reasonable",NA,NA
"object","reassurance",NA,NA
"objection","reassure",NA,NA
"oblique","receptive",NA,NA
"obliterate","reclaim",NA,NA
"obnoxious","recline",NA,NA
"obscure","recompense",NA,NA
"obsolete","reconcile",NA,NA
"obstacle","reconciliation",NA,NA
"obstinate","recreation",NA,NA
"obstruct","redeem",NA,NA
"obstruction","redemption",NA,NA
"odd","reestablish",NA,NA
"oddity","refine",NA,NA
"offend","refinement",NA,NA
"offender","refuge",NA,NA
"offensive","regal",NA,NA
"ominous","regard",NA,NA
"omission","rehabilitation",NA,NA
"omit","reinforcement",NA,NA
"opinionated","reinstate",NA,NA
"opponent","rejoice",NA,NA
"oppose","relaxation",NA,NA
"oppose","relevance",NA,NA
"oppose","relevancy",NA,NA
"opposition","relevant",NA,NA
"oppress","reliability",NA,NA
"oppression","reliable",NA,NA
"oppressive","relief",NA,NA
"ordeal","relieve",NA,NA
"order","religious",NA,NA
"orphan","relish",NA,NA
"ostracize","remarkable",NA,NA
"oust","remarkably",NA,NA
"outbreak","remedy",NA,NA
"outburst","remodel",NA,NA
"outcast","renaissance",NA,NA
"outcry","renewal",NA,NA
"outlaw","renovate",NA,NA
"outrage","renovation",NA,NA
"outrageous","renown",NA,NA
"outsider","repair",NA,NA
"overbearing","repair",NA,NA
"overflow","reparation",NA,NA
"overlook","repent",NA,NA
"overpower","repentance",NA,NA
"overrun","repose",NA,NA
"oversight","reputable",NA,NA
"overthrow","rescue",NA,NA
"overturn","rescue",NA,NA
"overwhelming","resolute",NA,NA
"overworked","resolve",NA,NA
"owe","resolve",NA,NA
"pain","resolved",NA,NA
"painful","resound",NA,NA
"paltry","resourceful",NA,NA
"pandemonium","resourcefulness",NA,NA
"panic","respect",NA,NA
"paralysis","respect",NA,NA
"paralyzed","respect",NA,NA
"paranoid","respectable",NA,NA
"parasite","respectful",NA,NA
"particular","respite",NA,NA
"partition","resplendent",NA,NA
"pass","responsibility",NA,NA
"pass#_10","responsible",NA,NA
"pass#_13","responsive",NA,NA
"passe","restful",NA,NA
"pathetic","restoration",NA,NA
"patronize","restore",NA,NA
"peculiar","resurrect",NA,NA
"peril","return",NA,NA
"perilous","return",NA,NA
"perish","reunion",NA,NA
"perplex","reunite",NA,NA
"perplexity","revel",NA,NA
"persecute","revelation",NA,NA
"persecution","revere",NA,NA
"perturb","reverence",NA,NA
"perverse","reverent",NA,NA
"pervert","reverently",NA,NA
"pessimism","revitalize",NA,NA
"pessimistic","revival",NA,NA
"pest","revive",NA,NA
"petty","reward",NA,NA
"phobia","reward",NA,NA
"pick","reward",NA,NA
"piece","rich",NA,NA
"pinch","rich",NA,NA
"pinch","rich",NA,NA
"pitiful","rich",NA,NA
"pitiless","rich",NA,NA
"plague","rich",NA,NA
"plague","riches",NA,NA
"plaintiff","richness",NA,NA
"plight","right",NA,NA
"plod","right",NA,NA
"plot","righteous",NA,NA
"point","righteousness",NA,NA
"pointless","rightful",NA,NA
"poison","ripe",NA,NA
"poisonous","ripen",NA,NA
"pollute","robust",NA,NA
"pollution","romance",NA,NA
"pompous","romantic",NA,NA
"poor","romanticize",NA,NA
"poor","rosy",NA,NA
"poor","round",NA,NA
"poor","rouse",NA,NA
"poor","sacred",NA,NA
"poor","safe",NA,NA
"pound","safe",NA,NA
"pout","safe",NA,NA
"poverty","safe",NA,NA
"powerless","safeguard",NA,NA
"precarious","safety",NA,NA
"precipitate","sagacity",NA,NA
"predicament","sage",NA,NA
"prejudice","saint",NA,NA
"prejudicial","salutary",NA,NA
"preposterous","salutation",NA,NA
"press","salute",NA,NA
"presumptuous","salvation",NA,NA
"pretend","sanctify",NA,NA
"pretense","sanctuary",NA,NA
"pretentious","sane",NA,NA
"prison","sanguine",NA,NA
"prison","sanitary",NA,NA
"prisoner","sanity",NA,NA
"problem","satisfaction",NA,NA
"procrastinate","satisfactorily",NA,NA
"procrastination","satisfactory",NA,NA
"prod","satisfy",NA,NA
"prohibit","satisfy",NA,NA
"prohibition","satisfy",NA,NA
"prohibitive","save",NA,NA
"propaganda","savings",NA,NA
"prosecution","savor",NA,NA
"protest","savvy",NA,NA
"protest","scamper",NA,NA
"provocation","scruples",NA,NA
"provoke","scrupulous",NA,NA
"prowl","secure",NA,NA
"pry","secure",NA,NA
"punch","security",NA,NA
"punish","security",NA,NA
"puny","selective",NA,NA
"push","self-contained",NA,NA
"push","self-respect",NA,NA
"push","semblance",NA,NA
"puzzlement","sensational",NA,NA
"qualm","sense",NA,NA
"quandary","sense",NA,NA
"quarrel","sensible",NA,NA
"quarrel","sensitive",NA,NA
"quarrelsome","sensitivity",NA,NA
"queer","serene",NA,NA
"questionable","serious",NA,NA
"quibble","seriousness",NA,NA
"quit","settle",NA,NA
"quitter","share",NA,NA
"race","share",NA,NA
"radical","share",NA,NA
"rage","shelter",NA,NA
"raid","shelter",NA,NA
"raise","shield",NA,NA
"ramble","shiny",NA,NA
"rampant","shrewd",NA,NA
"rascal","shrewdness",NA,NA
"rash","significance",NA,NA
"rat","significant",NA,NA
"ration","signify",NA,NA
"rattle","simplicity",NA,NA
"ravage","simplify",NA,NA
"reactionary","simplify",NA,NA
"reactive","sincere",NA,NA
"rebel","sincerity",NA,NA
"rebel","skill",NA,NA
"rebellion","skill",NA,NA
"rebellious","skillful",NA,NA
"rebuff","sleek",NA,NA
"rebuke","smart",NA,NA
"rebut","smart",NA,NA
"recalcitrant","smart",NA,NA
"recede","smile",NA,NA
"recession","smile",NA,NA
"reckless","smile",NA,NA
"recklessness","smile",NA,NA
"recoil","smitten",NA,NA
"redundancy","sober",NA,NA
"redundant","sociable",NA,NA
"refrain","softness",NA,NA
"refugee","solace",NA,NA
"refusal","solution",NA,NA
"refuse","soothe",NA,NA
"regardless","sophisticated",NA,NA
"regress","sought",NA,NA
"regression","sound",NA,NA
"regret","sound",NA,NA
"regret","soundness",NA,NA
"regrettable","spare",NA,NA
"reject","sparkle",NA,NA
"rejection","special",NA,NA
"relapse","spectacular",NA,NA
"reluctant","speedily",NA,NA
"remorse","splendid",NA,NA
"renounce","splendor",NA,NA
"renunciation","spotless",NA,NA
"repeal","sprightly",NA,NA
"reprehensible","squarely",NA,NA
"repress","stability",NA,NA
"reproach","stabilize",NA,NA
"repudiate","stable",NA,NA
"repugnant","stand",NA,NA
"repulse","standardize",NA,NA
"repulsive","staple",NA,NA
"resent","stately",NA,NA
"resentful","statuesque",NA,NA
"resentment","staunch",NA,NA
"resignation","staunchness",NA,NA
"restless","steadfast",NA,NA
"restlessness","steadfastness",NA,NA
"restrict","steadiness",NA,NA
"restrict","steady",NA,NA
"restrict","stimulate",NA,NA
"restriction","stimulation",NA,NA
"retaliate","stood",NA,NA
"retard","straight",NA,NA
"retire","straightforward",NA,NA
"retreat","strut",NA,NA
"retreat","stud",NA,NA
"revenge","studious",NA,NA
"revert","stupendous",NA,NA
"revoke","sturdy",NA,NA
"revolt","stylish",NA,NA
"revolution","suave",NA,NA
"rid","sublime",NA,NA
"ride","subscribe",NA,NA
"ridicule","subscription",NA,NA
"ridicule","subsidize",NA,NA
"ridiculous","subsidy",NA,NA
"rigid","subsist",NA,NA
"rigor","subsistence",NA,NA
"rigorous","substantiate",NA,NA
"rip","subtle",NA,NA
"rip","succeed",NA,NA
"risky","success",NA,NA
"rival","successful",NA,NA
"rival","suffice",NA,NA
"rivalry","sufficient",NA,NA
"robber","suit",NA,NA
"robbery","suit",NA,NA
"rogue","suitable",NA,NA
"root","summit",NA,NA
"rot","sumptuous",NA,NA
"rotten","super",NA,NA
"rough","superior",NA,NA
"roughness","superiority",NA,NA
"roundabout","superlative",NA,NA
"rubbish","support",NA,NA
"rude","support",NA,NA
"rue","support",NA,NA
"ruffian","support",NA,NA
"ruin","supportive",NA,NA
"ruin","supreme",NA,NA
"ruin","supreme",NA,NA
"ruin","surge",NA,NA
"ruinous","surmise",NA,NA
"rumor","surmount",NA,NA
"rumple","surpass",NA,NA
"run","survival",NA,NA
"run","survive",NA,NA
"runaway","survivor",NA,NA
"rupture","sweet",NA,NA
"rupture","sweet",NA,NA
"rusty","sweet",NA,NA
"ruthless","sweet",NA,NA
"ruthlessness","sweeten",NA,NA
"sabotage","sweetheart",NA,NA
"sad","sweetness",NA,NA
"sadness","swiftness",NA,NA
"sag","swoon",NA,NA
"sank","sworn",NA,NA
"sap","symbolize",NA,NA
"sarcasm","symmetry",NA,NA
"sarcastic","sympathetic",NA,NA
"savage","sympathize",NA,NA
"scald","sympathy",NA,NA
"scandal","synthesis",NA,NA
"scandalous","tact",NA,NA
"scapegoat","tactics",NA,NA
"scar","talent",NA,NA
"scarcity","talented",NA,NA
"scare","taste",NA,NA
"scare","temperance",NA,NA
"scared","temperate",NA,NA
"scared","tempt",NA,NA
"scary","tenacious",NA,NA
"scheme","tenacity",NA,NA
"scheme","tenderness",NA,NA
"scoff","terrific",NA,NA
"scold","thank",NA,NA
"scold","thank",NA,NA
"scorch","thank",NA,NA
"scorn","thankful",NA,NA
"scornful","therapeutic",NA,NA
"scoundrel","thorough",NA,NA
"scowl","thoughtful",NA,NA
"scrape","thoughtfulness",NA,NA
"scream","thrift",NA,NA
"scream","thrifty",NA,NA
"screech","thrill",NA,NA
"screech","thrive",NA,NA
"screw","tingle",NA,NA
"scrutinize","togetherness",NA,NA
"scuffle","tolerance",NA,NA
"scum","tolerant",NA,NA
"secede","tolerate",NA,NA
"secession","toleration",NA,NA
"secrecy","topmost",NA,NA
"secret","tradition",NA,NA
"sedentary","traditional",NA,NA
"seethe","train",NA,NA
"segregation","tranquil",NA,NA
"seize","tranquility",NA,NA
"selfish","travel",NA,NA
"selfishness","treasure",NA,NA
"senile","treasure",NA,NA
"senseless","treat",NA,NA
"sentence","treatise",NA,NA
"sequester","treaty",NA,NA
"serve","tremendous",NA,NA
"service","tremendous",NA,NA
"servitude","tribute",NA,NA
"sever","triumph",NA,NA
"severe","triumph",NA,NA
"severity","triumphal",NA,NA
"shabby","triumphant",NA,NA
"shadow","trophy",NA,NA
"shady","true",NA,NA
"shaggy","true",NA,NA
"shake","true",NA,NA
"shallow","true",NA,NA
"shame","true",NA,NA
"shameful","trust",NA,NA
"shameless","trust",NA,NA
"shark","trust",NA,NA
"shell","trust",NA,NA
"shell","trust",NA,NA
"shipwreck","trust",NA,NA
"shirk","trustworthiness",NA,NA
"shiver","trustworthy",NA,NA
"shock","truth",NA,NA
"shock","truthful",NA,NA
"shock","unbound",NA,NA
"shock","unbroken",NA,NA
"shock","uncommon",NA,NA
"shoddy","understand",NA,NA
"shoot","understand",NA,NA
"shoot","understandable",NA,NA
"shoot","understood",NA,NA
"short","undoubted",NA,NA
"shortage","undoubtedly",NA,NA
"shortcoming","unforgettable",NA,NA
"shortsighted","unhurried",NA,NA
"shot","unimpeachable",NA,NA
"shove","unique",NA,NA
"show","unity",NA,NA
"shred","unlimited",NA,NA
"shrew","unselfish",NA,NA
"shriek","untouched",NA,NA
"shrill","upbeat",NA,NA
"shrivel","upfront",NA,NA
"shroud","upgrade",NA,NA
"shrug","upheld",NA,NA
"shrug","uphold",NA,NA
"shun","uplift",NA,NA
"shyness","uppermost",NA,NA
"sick","upright",NA,NA
"sick","upside",NA,NA
"sick","upward",NA,NA
"sick","usable",NA,NA
"sickly","useful",NA,NA
"sickness","usefulness",NA,NA
"siege","utilitarian",NA,NA
"silly","utilization",NA,NA
"simplistic","utilize",NA,NA
"sin","uttermost",NA,NA
"sin","valiant",NA,NA
"sinful","valid",NA,NA
"sinister","validity",NA,NA
"skeptical","valor",NA,NA
"sketchy","valuable",NA,NA
"skirmish","value",NA,NA
"skulk","value",NA,NA
"slam","vanquish",NA,NA
"slander","vastness",NA,NA
"slanderer","venerable",NA,NA
"slanderous","venerate",NA,NA
"slap","verification",NA,NA
"slash","verify",NA,NA
"slaughter","veritable",NA,NA
"slayer","versatile",NA,NA
"sleazy","versatility",NA,NA
"sleepless","viability",NA,NA
"slight","viable",NA,NA
"slight","victorious",NA,NA
"slight","vigilance",NA,NA
"slight","vigilant",NA,NA
"slime","virtue",NA,NA
"sloppy","virtuous",NA,NA
"sloth","visionary",NA,NA
"slothful","visualization",NA,NA
"slug","vitality",NA,NA
"sluggish","vivacious",NA,NA
"slump","vivid",NA,NA
"sly","voluntary",NA,NA
"smack","vouchsafe",NA,NA
"smash","warm",NA,NA
"smash","warm",NA,NA
"smear","warm",NA,NA
"smother","warm",NA,NA
"smuggle","warm",NA,NA
"snare","warmhearted",NA,NA
"snarl","warmth",NA,NA
"snatch","welcome",NA,NA
"sneak","welcome",NA,NA
"sneer","welcome",NA,NA
"snore","welcome",NA,NA
"sob","welfare",NA,NA
"somber","well",NA,NA
"sore","well",NA,NA
"soreness","whimsical",NA,NA
"sorrow","wholesome",NA,NA
"sorrowful","willful",NA,NA
"sorry","willing",NA,NA
"sorry","willingness",NA,NA
"sort","wisdom",NA,NA
"sour","wise",NA,NA
"spank","wise",NA,NA
"spear","wise",NA,NA
"spill","wise",NA,NA
"spinster","wise",NA,NA
"spite","witty",NA,NA
"spiteful","wonder",NA,NA
"split","wonderful",NA,NA
"spoil","wondrous",NA,NA
"spot","woo",NA,NA
"sprain","workable",NA,NA
"sputter","workmanship",NA,NA
"squander","world-famous",NA,NA
"stab","worth",NA,NA
"stagnant","worth",NA,NA
"stain","worth",NA,NA
"stale","worth",NA,NA
"stalemate","worth-while",NA,NA
"stammer","worthiness",NA,NA
"stamp","worthy",NA,NA
"standstill","zenith",NA,NA
"stark","zest",NA,NA
"startle",NA,NA,NA
"starvation",NA,NA,NA
"starve",NA,NA,NA
"static",NA,NA,NA
"steal",NA,NA,NA
"steal",NA,NA,NA
"stern",NA,NA,NA
"stick",NA,NA,NA
"stifle",NA,NA,NA
"stigma",NA,NA,NA
"sting",NA,NA,NA
"stink",NA,NA,NA
"stole",NA,NA,NA
"stolen",NA,NA,NA
"stolen",NA,NA,NA
"storm",NA,NA,NA
"stormy",NA,NA,NA
"straggle",NA,NA,NA
"straggler",NA,NA,NA
"strain",NA,NA,NA
"strain",NA,NA,NA
"strangle",NA,NA,NA
"stray",NA,NA,NA
"stress",NA,NA,NA
"stress",NA,NA,NA
"stricken",NA,NA,NA
"strict",NA,NA,NA
"strict",NA,NA,NA
"strict",NA,NA,NA
"strife",NA,NA,NA
"strike",NA,NA,NA
"strike",NA,NA,NA
"stringent",NA,NA,NA
"struck",NA,NA,NA
"struggle",NA,NA,NA
"struggle",NA,NA,NA
"struggle",NA,NA,NA
"stubborn",NA,NA,NA
"stubbornly",NA,NA,NA
"stubbornness",NA,NA,NA
"study",NA,NA,NA
"stuffy",NA,NA,NA
"stunt",NA,NA,NA
"stupid",NA,NA,NA
"stupid",NA,NA,NA
"stupid",NA,NA,NA
"stupidity",NA,NA,NA
"stupor",NA,NA,NA
"subjection",NA,NA,NA
"subjugate",NA,NA,NA
"subjugation",NA,NA,NA
"submissive",NA,NA,NA
"subservience",NA,NA,NA
"subside",NA,NA,NA
"substitution",NA,NA,NA
"subtract",NA,NA,NA
"subversion",NA,NA,NA
"subvert",NA,NA,NA
"succumb",NA,NA,NA
"sucker",NA,NA,NA
"suffer",NA,NA,NA
"suffer",NA,NA,NA
"sufferer",NA,NA,NA
"suffocate",NA,NA,NA
"sullen",NA,NA,NA
"sunder",NA,NA,NA
"superficial",NA,NA,NA
"superficiality",NA,NA,NA
"superfluous",NA,NA,NA
"superstition",NA,NA,NA
"superstitious",NA,NA,NA
"suppress",NA,NA,NA
"suppression",NA,NA,NA
"susceptible",NA,NA,NA
"suspect",NA,NA,NA
"suspect",NA,NA,NA
"suspend",NA,NA,NA
"suspension",NA,NA,NA
"suspicion",NA,NA,NA
"suspicious",NA,NA,NA
"swear",NA,NA,NA
"swore",NA,NA,NA
"symptom",NA,NA,NA
"taboo",NA,NA,NA
"taint",NA,NA,NA
"tamper",NA,NA,NA
"tantrum",NA,NA,NA
"tardy",NA,NA,NA
"tariff",NA,NA,NA
"tatter",NA,NA,NA
"taunt",NA,NA,NA
"taunt",NA,NA,NA
"tax",NA,NA,NA
"tear",NA,NA,NA
"tear",NA,NA,NA
"tease",NA,NA,NA
"tedious",NA,NA,NA
"temper",NA,NA,NA
"temper",NA,NA,NA
"tempest",NA,NA,NA
"temporarily",NA,NA,NA
"temptation",NA,NA,NA
"tense",NA,NA,NA
"tension",NA,NA,NA
"terrible",NA,NA,NA
"terrify",NA,NA,NA
"terror",NA,NA,NA
"terrorism",NA,NA,NA
"terrorize",NA,NA,NA
"theft",NA,NA,NA
"thief",NA,NA,NA
"thirst",NA,NA,NA
"thirsty",NA,NA,NA
"thorny",NA,NA,NA
"thoughtless",NA,NA,NA
"thrash",NA,NA,NA
"threat",NA,NA,NA
"threaten",NA,NA,NA
"throw",NA,NA,NA
"throw",NA,NA,NA
"thud",NA,NA,NA
"thwart",NA,NA,NA
"timidity",NA,NA,NA
"tire",NA,NA,NA
"tire",NA,NA,NA
"tire",NA,NA,NA
"tired",NA,NA,NA
"tired",NA,NA,NA
"tired",NA,NA,NA
"tired",NA,NA,NA
"tiresome",NA,NA,NA
"toil",NA,NA,NA
"tolerable",NA,NA,NA
"too",NA,NA,NA
"topple",NA,NA,NA
"torment",NA,NA,NA
"torrent",NA,NA,NA
"torturous",NA,NA,NA
"touchy",NA,NA,NA
"tragedy",NA,NA,NA
"tragic",NA,NA,NA
"traitor",NA,NA,NA
"tramp",NA,NA,NA
"trample",NA,NA,NA
"transgress",NA,NA,NA
"trap",NA,NA,NA
"trap",NA,NA,NA
"trauma",NA,NA,NA
"traumatic",NA,NA,NA
"treacherous",NA,NA,NA
"treachery",NA,NA,NA
"treason",NA,NA,NA
"treasonous",NA,NA,NA
"trespass",NA,NA,NA
"trick",NA,NA,NA
"trick",NA,NA,NA
"trivial",NA,NA,NA
"trouble",NA,NA,NA
"trouble",NA,NA,NA
"trouble",NA,NA,NA
"trouble",NA,NA,NA
"troublesome",NA,NA,NA
"truant",NA,NA,NA
"trudge",NA,NA,NA
"try",NA,NA,NA
"try",NA,NA,NA
"turbulent",NA,NA,NA
"turmoil",NA,NA,NA
"turn",NA,NA,NA
"turn",NA,NA,NA
"twitch",NA,NA,NA
"tyranny",NA,NA,NA
"ugly",NA,NA,NA
"ultimatum",NA,NA,NA
"unaccustomed",NA,NA,NA
"unarm",NA,NA,NA
"unattractive",NA,NA,NA
"unauthentic",NA,NA,NA
"unavoidable",NA,NA,NA
"unbearable",NA,NA,NA
"unbelievable",NA,NA,NA
"uncivil",NA,NA,NA
"unclean",NA,NA,NA
"unclear",NA,NA,NA
"uncomfortable",NA,NA,NA
"uncouth",NA,NA,NA
"undependability",NA,NA,NA
"undependable",NA,NA,NA
"undermine",NA,NA,NA
"underworld",NA,NA,NA
"undesirable",NA,NA,NA
"undid",NA,NA,NA
"undignified",NA,NA,NA
"undo",NA,NA,NA
"undone",NA,NA,NA
"undue",NA,NA,NA
"uneasiness",NA,NA,NA
"uneasy",NA,NA,NA
"uneconomical",NA,NA,NA
"unemployed",NA,NA,NA
"unequal",NA,NA,NA
"uneven",NA,NA,NA
"unexpectedly",NA,NA,NA
"unfair",NA,NA,NA
"unfaithful",NA,NA,NA
"unfamiliar",NA,NA,NA
"unfavorable",NA,NA,NA
"unfeeling",NA,NA,NA
"unfit",NA,NA,NA
"unforeseen",NA,NA,NA
"unfortunate",NA,NA,NA
"unfortunate",NA,NA,NA
"unfortunate",NA,NA,NA
"unfriendly",NA,NA,NA
"ungrateful",NA,NA,NA
"unguarded",NA,NA,NA
"unhappiness",NA,NA,NA
"unhappy",NA,NA,NA
"unhealthy",NA,NA,NA
"unimportant",NA,NA,NA
"uninformed",NA,NA,NA
"unjust",NA,NA,NA
"unjustified",NA,NA,NA
"unkind",NA,NA,NA
"unlawful",NA,NA,NA
"unlucky",NA,NA,NA
"unmoved",NA,NA,NA
"unnatural",NA,NA,NA
"unnecessary",NA,NA,NA
"unnerve",NA,NA,NA
"unnoticed",NA,NA,NA
"unobserved",NA,NA,NA
"unpleasant",NA,NA,NA
"unpopular",NA,NA,NA
"unprofitable",NA,NA,NA
"unqualified",NA,NA,NA
"unreasonable",NA,NA,NA
"unreliability",NA,NA,NA
"unreliable",NA,NA,NA
"unrest",NA,NA,NA
"unruly",NA,NA,NA
"unsafe",NA,NA,NA
"unsatisfactory",NA,NA,NA
"unscrupulous",NA,NA,NA
"unseen",NA,NA,NA
"unsettling",NA,NA,NA
"unsound",NA,NA,NA
"unspeakable",NA,NA,NA
"unstable",NA,NA,NA
"unsteadiness",NA,NA,NA
"unsteady",NA,NA,NA
"unsuccessful",NA,NA,NA
"untimely",NA,NA,NA
"untrained",NA,NA,NA
"untrue",NA,NA,NA
"untrustworthy",NA,NA,NA
"untruth",NA,NA,NA
"unwilling",NA,NA,NA
"unwillingness",NA,NA,NA
"unwise",NA,NA,NA
"unworthy",NA,NA,NA
"upheaval",NA,NA,NA
"uprising",NA,NA,NA
"uproar",NA,NA,NA
"uproot",NA,NA,NA
"upset",NA,NA,NA
"upset",NA,NA,NA
"upset",NA,NA,NA
"upset",NA,NA,NA
"upset",NA,NA,NA
"useless",NA,NA,NA
"usurp",NA,NA,NA
"utterance",NA,NA,NA
"vagabond",NA,NA,NA
"vagrant",NA,NA,NA
"vague",NA,NA,NA
"vagueness",NA,NA,NA
"vain",NA,NA,NA
"vanish",NA,NA,NA
"vanity",NA,NA,NA
"vehement",NA,NA,NA
"vengeance",NA,NA,NA
"venom",NA,NA,NA
"venomous",NA,NA,NA
"veto",NA,NA,NA
"vex",NA,NA,NA
"vexation",NA,NA,NA
"vexing",NA,NA,NA
"vice",NA,NA,NA
"vicious",NA,NA,NA
"vie",NA,NA,NA
"vile",NA,NA,NA
"villain",NA,NA,NA
"violate",NA,NA,NA
"violation",NA,NA,NA
"violence",NA,NA,NA
"violent",NA,NA,NA
"viper",NA,NA,NA
"void",NA,NA,NA
"volatile",NA,NA,NA
"volatility",NA,NA,NA
"vomit",NA,NA,NA
"vulgar",NA,NA,NA
"wail",NA,NA,NA
"wait",NA,NA,NA
"wallow",NA,NA,NA
"wane",NA,NA,NA
"wanton",NA,NA,NA
"war",NA,NA,NA
"warfare",NA,NA,NA
"warlike",NA,NA,NA
"warp",NA,NA,NA
"wary",NA,NA,NA
"waste",NA,NA,NA
"waste",NA,NA,NA
"wasteful",NA,NA,NA
"wastefulness",NA,NA,NA
"wayward",NA,NA,NA
"weaken",NA,NA,NA
"wear",NA,NA,NA
"weariness",NA,NA,NA
"wearisome",NA,NA,NA
"wee",NA,NA,NA
"weed",NA,NA,NA
"weep",NA,NA,NA
"weird",NA,NA,NA
"wench",NA,NA,NA
"whack",NA,NA,NA
"whimper",NA,NA,NA
"whine",NA,NA,NA
"whip",NA,NA,NA
"whip",NA,NA,NA
"whip",NA,NA,NA
"wicked",NA,NA,NA
"wickedness",NA,NA,NA
"wild",NA,NA,NA
"wild",NA,NA,NA
"wild",NA,NA,NA
"wild",NA,NA,NA
"wilt",NA,NA,NA
"wily",NA,NA,NA
"wince",NA,NA,NA
"witchcraft",NA,NA,NA
"withheld",NA,NA,NA
"withhold",NA,NA,NA
"woe",NA,NA,NA
"woeful",NA,NA,NA
"worn",NA,NA,NA
"worn",NA,NA,NA
"worrier",NA,NA,NA
"worry",NA,NA,NA
"worry",NA,NA,NA
"worry",NA,NA,NA
"worry",NA,NA,NA
"worry",NA,NA,NA
"worse",NA,NA,NA
"worsen",NA,NA,NA
"worst",NA,NA,NA
"worthless",NA,NA,NA
"wound",NA,NA,NA
"wound",NA,NA,NA
"wound",NA,NA,NA
"wrath",NA,NA,NA
"wreck",NA,NA,NA
"wrestle",NA,NA,NA
"wretch",NA,NA,NA
"wretchedness",NA,NA,NA
"wrinkle",NA,NA,NA
"writhe",NA,NA,NA
"wrong",NA,NA,NA
"wrong",NA,NA,NA
"wrongful",NA,NA,NA
"wrought",NA,NA,NA
"yawn",NA,NA,NA
"yearn",NA,NA,NA
"yelp",NA,NA,NA
